OBJECTID,solute,CA_rewet,FA_rewet,Delta_Beta,Delta_CV_Ratio,Archetype
193,NO3N,-0.0444806344093672,0.23795952949493135,0.0488804211372329,0.0350680814588889,0
194,NO3N,-0.0391837657479087,0.0870343311081734,-0.1614631012469287,0.0681407341447681,0
198,NO3N,-0.0004136932523577,0.0944272576095886,0.8409383546320048,0.3780250310731989,0
199,NO3N,-0.0040922204865335,0.2985172296375299,0.1089206228447295,0.1542784018280942,0
200,NO3N,0.0046337503746216,0.13081114249883605,0.0292989063193909,-0.001136406361928,0
201,NO3N,-0.006332667588700051,0.17975836599801098,-0.1248421784086439,0.0515098572346691,0
212,NO3N,-0.0372002836860906,0.1581045131543896,0.5871738478758171,0.4598286996289141,0
218,NO3N,-0.03228283491971415,0.1997891547615556,-0.1176735821771771,-0.0343073051585919,0
220,NO3N,-0.0041425038483386,0.03278257037927295,-0.4644459264224063,0.2669273708420806,0
221,NO3N,-0.044252970606869946,0.15990133347120225,-0.0128610563558415,0.0209174451116382,0
224,NO3N,-0.03094008442382945,0.14540885629462855,-0.091160296093264,0.0283090335506249,0
226,NO3N,-0.0299851904932541,0.1806379432955344,0.0216801763035061,-0.0793168763153882,0
227,NO3N,-0.0571584138399486,0.2062041201173508,-0.0030840644628794,0.0449707380251646,0
234,NO3N,0.022556816638299552,0.24131231248461063,-0.0425422744606059,0.0124182590006997,0
242,NO3N,-0.0392894088344698,0.38097155757895973,-0.0315562655651326,0.0201765757445847,0
243,NO3N,-0.0138012541391731,0.2498445289421559,-0.0943581023525298,0.0356191251197123,0
246,NO3N,0.017801752122165053,0.151568196015695,-0.0328440806943949,-0.0374294721320274,0
250,NO3N,-0.0228445299113498,0.1095807081180524,-0.0040477776270963,-0.238466063700898,0
252,NO3N,-0.0050718620979603,0.0324677821869846,-0.1279512608639757,0.1479906913302544,0
254,NO3N,0.0188121072798844,0.2619103782523365,-0.0494725688689127,-0.0278054295505309,0
255,NO3N,-0.0157123643826079,0.1640498616204126,0.019187789860894,-0.1196907026669203,0
257,NO3N,-0.0124363671787859,0.1878389149031947,-0.0671160516438034,0.0112194238551646,0
258,NO3N,-0.0262591456088907,0.1609896523487295,-0.0485635101437931,-0.1288884311661319,0
260,NO3N,-0.04803742521118705,0.24114208130767595,-0.0146170024294117,0.0581570644649974,0
268,NO3N,-0.0570430404006338,0.12458354777113205,0.0282823814886624,-0.0370388179900155,0
271,NO3N,-0.0211169234409225,0.4468602824754113,0.0167243180695601,0.0200420680113022,0
273,NO3N,-0.0248129699424362,0.10896816524317875,0.0171372223907918,0.0046415156152209,0
275,NO3N,-0.0451150915589416,0.2609156651301811,-0.0257378342540757,0.0002688532219065,0
279,NO3N,-0.0071859143933622,0.312857716839159,-9.934294825493515e-06,-0.0887804508495625,0
284,NO3N,-0.01307675919672665,0.1926828369373419,-0.1117588532515437,0.0622660616771397,0
285,NO3N,-0.0745071132074846,0.1661442533034981,0.0566504934103118,-0.1701597891638976,0
292,NO3N,-0.00783990783689145,0.24819797350048906,-0.0539001182927917,0.0194150314665393,0
296,NO3N,0.01207360035778205,0.19766909679174627,0.0100837952970898,0.1668599437643698,0
312,NO3N,-0.006141852898015649,0.1698911919524415,-0.026730229272769,0.0068297940459527,0
313,NO3N,-0.08881731565176945,0.1682958579137487,0.0403952799966819,-0.1569811626100521,0
314,NO3N,-0.015170677946807699,0.13459046768487454,-0.0098588526875942,-0.0634935735709396,0
316,NO3N,-0.0960371881969422,0.2151013787022949,-0.0190710848618225,0.0474274095896799,0
317,NO3N,-0.115917798463703,0.2208652994004177,0.1257961107880838,0.1257331183705429,0
327,NO3N,-0.0426976501702746,0.18631336634814,-0.0302972965079125,-0.0081097362448716,0
328,NO3N,-0.0647049520275284,0.310252752043088,-0.020489948505824,0.0246172593085147,0
329,NO3N,-0.0702755183378706,0.1794155359864533,-0.0103004921797225,0.0072935270695108,0
331,NO3N,-0.038447300886483946,0.26316604837066127,0.0079029614180837,0.0381374292020409,0
333,NO3N,-0.011111568392355001,0.14023516650986706,-0.0941978599627174,0.1628235190593603,0
334,NO3N,-0.06943102607871,0.16523917746903172,0.0032114871976339,0.0425289269547116,0
335,NO3N,-0.00643162650844025,0.1220477075136451,-0.0272803482236842,-0.0876530293620423,0
336,NO3N,-0.01999583894255655,0.1361687064535351,0.1430160033697753,-0.0450988218849165,0
337,NO3N,0.057654236860049154,0.26470026835992233,-0.0721216538816097,0.0273561312360474,0
338,NO3N,0.006321322482906001,0.11167721746486606,-0.1096081406962272,-0.1770799015417075,0
339,NO3N,-0.0105696814896876,0.193393825368448,-0.0012019107202196,-0.2275568316178097,0
340,NO3N,-0.0023112491028259,0.1201212396600906,0.131346863647886,0.0003801113948648,0
341,NO3N,-0.004291852081541,0.0840808357283427,-0.0886214750807832,0.063621573002719,0
342,NO3N,-0.02650806955117825,0.18707123567433775,-0.0837315917674215,-0.146331544933925,0
345,NO3N,-0.0012152426276854,0.1161835484765557,0.2921288125852262,-0.0245699726875098,0
346,NO3N,0.0307897931703674,0.1379719752693637,-0.115402524533918,-0.1237547676259626,0
347,NO3N,0.0004628558286752,0.0774640704669965,0.2781953763464802,-0.0845940476608373,0
348,NO3N,0.018500717489298553,0.25209885395475373,-0.0212670069429511,0.0453285945749045,0
349,NO3N,0.0276448578854396,0.16799864103649093,-0.0701580792461452,-0.0451837496235512,0
350,NO3N,0.02309590901596715,0.157907250791466,-0.0801091583589446,-0.031977778436193,0
352,NO3N,0.0028224687097395,0.1178146448002148,0.0173492997647013,0.0907557441313534,0
354,NO3N,0.00198497660956485,0.0467020458977144,0.0425771396611321,0.1425390832579448,0
355,NO3N,-0.00797333476139685,0.09894887746912985,-0.0203142915915082,0.0328524332506859,0
356,NO3N,-0.0016921071267576,0.2134944056072049,-0.0631317568829913,0.0549009726713352,0
357,NO3N,-0.03684154131944785,0.2455235091283564,0.3371549182072643,-0.280950240768946,0
358,NO3N,-0.0320681361067871,0.0680364890291681,-0.0550723680528606,-0.0885492572559117,0
359,NO3N,-0.009006542134644299,0.2139020546978586,-0.1357474446549781,-0.1761581446627393,0
360,NO3N,-0.0174577488768689,0.1286758572257062,-0.1283337565238118,-0.1330004446558805,0
362,NO3N,0.1015077899079784,0.3464458906421954,-0.2197377140728176,-0.3406960563666706,0
363,NO3N,0.0004049402768434,0.0968122607869238,0.3352082053415685,-0.0071508292032749,0
364,NO3N,0.005999608050945101,0.17716178212284645,0.1355324878730336,0.0023172522354231,0
365,NO3N,-0.020637735914893,0.16354053117311004,0.053911869744991,-0.0363542718541697,0
366,NO3N,-0.0186655336811138,0.065883847597709,-0.0454337513865087,0.0425320020170337,0
367,NO3N,0.006441246102857,0.1579128494043022,-0.1250526992974332,0.0574456576025159,0
368,NO3N,-0.018730468872609103,0.2580744175231791,-0.0192880838618967,0.0142365820024745,0
370,NO3N,0.000587889544506,0.1363217335848509,-0.0313053131732499,-0.0367431518101734,0
372,NO3N,-0.021096595732129998,-5.932959517725507,-0.4614356952548783,-0.6223889523109798,1
373,NO3N,0.0373785727424948,0.0944221473253216,-0.2964416803984916,-0.3046374695548998,0
374,NO3N,0.00810748536203225,0.1648562137598976,-0.1161750644555984,0.1517479203679644,0
375,NO3N,0.0073831988887284004,0.10319717720154925,0.0363205557951983,0.3478291407003164,0
376,NO3N,-0.011101164528864251,0.09653641903606511,-0.0477228640308323,-0.0521074471181619,0
377,NO3N,0.00022227161957505,0.22044938962870614,0.0481643716472987,0.068699094559564,0
378,NO3N,-0.0020602044599592,0.1167025109315122,-0.0306206962918028,-0.0007298965618232,0
380,NO3N,-0.02396118849018495,0.21825725969830684,0.1677617912988107,-0.1633277047248154,0
381,NO3N,-0.01558734626984615,0.125068149755557,-0.1079780922265168,-0.0332590287713384,0
385,NO3N,-0.0143057847028595,0.1290003912330414,0.0187363561916749,-0.0001041621916615,0
387,NO3N,-0.0177615160870997,0.1764328291822005,-0.0086784530297911,-0.0339053064569789,0
388,NO3N,-0.00088105749669965,0.19007724968187195,0.1548646424370802,0.0222443544384229,0
391,NO3N,-0.0064965425703982,0.1474908266130451,-0.0275546383530606,-0.0099227335926832,0
392,NO3N,-0.04846293343034785,0.29334678678446047,-0.0386768505837906,-0.0245326751069898,0
393,NO3N,-0.0030946711995797,0.1096994402030213,-0.1211538412527277,-0.0665239009539725,0
394,NO3N,-0.0035595143255883,0.0902419105566089,-0.1371212197311995,-0.1548564394731237,0
628,NO3N,0.0513083363923491,0.143787618821446,-0.0560673007214418,0.0447212441722261,0
630,NO3N,0.150211081823178,0.3291373999625547,-0.2193180117292504,0.0176588408013217,0
632,NO3N,0.098243181203358,0.1787167487792663,-0.3147869965217976,-0.1275273345558423,0
634,NO3N,0.060009928289842696,0.013094457541769201,-0.1058514107325987,0.0008591036174843,0
637,NO3N,0.0462128431551316,-0.1670724107065859,-0.1442946570570368,-0.1545910444103251,0
638,NO3N,0.0412524752614777,-0.1634996611715021,0.0091613553729308,-0.044978845608244,0
643,NO3N,0.0901462960628404,0.177764694517629,0.0326792726448277,0.0406490221562163,0
645,NO3N,0.0396091380950456,-0.0289733231413657,0.0693764164205181,0.0447590854129084,0
648,NO3N,-0.01050657167574805,0.012833691977995249,0.2915353732857882,0.1987601625338678,0
650,NO3N,-0.07442427385683875,-0.5556393808865612,-0.0718495088732129,-0.035569430118381,0
651,NO3N,0.044018562300469743,-0.0832216028148314,-0.070977868544571,-0.2090956664921462,0
656,NO3N,-0.0661160280763188,-0.4276283497451975,0.196099333282255,0.0690609517614417,0
661,NO3N,-0.16022211887834165,-0.3531527199913163,0.3650610123032516,0.0035905947666829,0
663,NO3N,0.0090444973608888,0.1087950489470519,-0.0678402217494417,0.0149992431623969,0
665,NO3N,0.0227869497960418,0.1231541355492456,0.072349515805505,0.1699871458955045,0
667,NO3N,0.0216330953554258,0.0840885081455967,-0.0193096667672124,0.1184320441597159,0
668,NO3N,-0.0025295967419951,0.1055971834729284,0.1342401798432631,0.1486737707913966,0
669,NO3N,-0.0003599064282145,0.0973924394295238,0.0512892744669495,0.1347048214838082,0
671,NO3N,0.0900780705532554,0.1106346393176246,-0.0007515714551945,0.0618395558996911,0
673,NO3N,0.0716109660010242,0.1606632263743269,0.0381952134366256,0.0739305911318263,0
678,NO3N,0.0525668458950412,0.1023376447487428,0.0671309121203641,0.0897647145414147,0
680,NO3N,-0.0100376119699538,0.1004203369877543,0.1954195607989893,-0.1202411278243499,0
686,NO3N,0.0041864951726642,-0.0055878233799344,0.0172418037685429,0.0142403555610212,0
687,NO3N,0.0005460005595649,0.0771960548558913,0.039441886276041,0.0624419305255281,0
688,NO3N,0.0017559267022647,0.1148449678950413,0.0534211475793765,0.0949222859377022,0
690,NO3N,0.013891059644077,0.025652763658143,0.0271806987753831,0.1074463138886996,0
692,NO3N,0.10087133183462355,0.1163919634943436,0.0010136772716815,0.0878049189307431,0
695,NO3N,0.0297005589735114,0.0927895845752404,-0.0050048095563273,-0.0689971299817536,0
696,NO3N,0.0845267694675266,0.1039760678810916,-0.0156906146371154,0.0345385450021952,0
701,NO3N,0.0415541951766462,-0.10610479638671536,-0.0349103150663672,-0.0509423194521109,0
704,NO3N,0.0285783611943599,0.05589822221486965,0.0027799246263895,-0.0140707997696996,0
705,NO3N,0.0721291870828329,0.0774749024528874,0.0544903678419081,0.0490736195225077,0
711,NO3N,0.0035195812838978,-0.1273346953837069,-0.1096801515807021,-0.0585405436582863,0
712,NO3N,0.0237806702282473,0.0408649069384002,-0.0488187018490323,0.0827478243480002,0
716,NO3N,0.017913561041097,0.020841978146102898,0.1437852077731077,0.1347007353647958,0
718,NO3N,0.0095517595726168,-0.0617196608337436,0.0495093342885038,-0.0959821611749021,0
722,NO3N,0.0050989912516224,-0.0574665940383306,0.1371054415765236,-0.0382414809087018,0
723,NO3N,-0.0049064580492913,-0.1530699287944112,-0.2034799893142962,0.0146686808584107,0
728,NO3N,0.0209963902147186,0.17594318112276208,-0.046500520094842,-0.0559145698406866,0
730,NO3N,0.010608643005325751,0.05126756733407325,-0.0473736973983612,-0.0171862442008418,0
731,NO3N,0.0065473522182692,0.017969988100536,-0.0506915548436655,0.0748405990803668,0
734,NO3N,0.004111259024250601,0.08314153999015665,0.0009121231904513,0.0495711173976138,0
735,NO3N,0.00915866120998165,0.12411867008681911,-0.0669280328661188,-0.0682122505555048,0
736,NO3N,0.052018219809897556,0.23336629860904284,0.1211695960862481,0.2249552910072766,0
737,NO3N,0.0288029612428639,0.1180270961533675,0.023812586810829,0.2119516275614553,0
739,NO3N,-0.0006351222823848,0.1873505710905357,0.0164336129158093,0.0273132373846169,0
740,NO3N,-0.00226159185709805,0.06641102538140531,0.0095464016937028,0.0497077180929241,0
741,NO3N,-0.0841202468314252,-0.5141363532940451,0.055377174439979,0.0970620184422883,0
742,NO3N,-0.0019443910461883,-0.0241782977247303,-0.0295608210497111,0.0196049389075514,0
743,NO3N,0.00889275436115665,0.09891754666704669,0.0626204219836895,0.1250927184515673,0
744,NO3N,0.0025571828113048,0.091351020535937,0.0474488858106138,0.0962931996296506,0
745,NO3N,0.0086986321243294,0.1175552288941208,0.0371365519286698,0.1326772465639354,0
746,NO3N,-0.00467611475568315,0.1574028131168799,0.0953991427913325,0.0627314381001108,0
748,NO3N,-0.0182142757151383,0.1209946361714627,0.0780063869508496,-0.0275221512716423,0
749,NO3N,-0.0007634559475038,0.1273250248818661,0.0435195550679552,0.105140765531087,0
750,NO3N,0.009171297927452,0.1056184962739125,-0.0040418202536515,-0.0375129880054005,0
751,NO3N,0.030611636458184197,0.05469726134932294,-0.0658870251776662,0.0653602131681289,0
752,NO3N,0.0038897416198496503,0.053675004516708494,-0.0449570884216597,0.0459876868889455,0
753,NO3N,-0.00182244956956965,0.10927904412683226,0.1340625894530324,0.1173931201811881,0
754,NO3N,0.0317716254178564,-0.495938205504624,-0.1379131615587174,-0.1097856657522156,0
756,NO3N,0.0091538324771698,-0.10727668369943119,0.0053307750899719,0.0239296807239387,0
764,NO3N,0.0745021765722943,0.1509911629845726,0.0386435256238926,0.0842082843949663,0
768,NO3N,0.0769187363726057,0.1786647162403028,0.1833899450381536,0.1737356922578706,0
769,NO3N,0.0977051411198549,0.1534668392855605,0.1358602580696188,0.242884407434534,0
772,NO3N,0.11843335238468206,0.26933181141492846,-0.049656448498034,-0.0361658294180542,0
773,NO3N,0.0945266932492543,0.1775447895250149,0.0319718832783073,0.2487177134644312,0
774,NO3N,0.03438430933712325,0.0263747230782498,0.1612348261662132,0.0714317270564742,0
775,NO3N,0.1403437001310218,0.0818225853216838,0.0002851039177529,0.0172266241763336,0
776,NO3N,0.056823815867081,0.0096409676766524,0.0162012379495166,-0.008977626281622,0
778,NO3N,0.0790953749861753,0.0888236168112263,0.155427108113378,0.1012971884315279,0
781,NO3N,0.02148134982885275,0.024156335330368102,-0.0291717865191031,-0.0260591748392148,0
782,NO3N,0.02848348334029855,0.09831045833780369,-0.1339953396247918,-0.0931478081282115,0
783,NO3N,-0.0030086712757952,-0.02134940950905525,0.0027251259196636,-0.0843073328422656,0
785,NO3N,-0.010519668108245901,-0.0535823190621124,-0.911843177267315,0.273703053188068,0
786,NO3N,0.012173384013684,0.0255483318305744,0.0931871319618993,0.104415760862383,0
787,NO3N,0.0060477247062367505,0.0188298248017924,-0.1323937113381734,-0.0879835081692708,0
789,NO3N,0.0395165273841026,0.1021405227515745,0.0203347346548706,0.013101256218729,0
796,NO3N,0.0002941609081366,0.1606581901222592,-0.0732269586966872,-0.0219193083584149,0
797,NO3N,-0.0257012769890063,0.1399313728994705,0.0759945825358904,0.0108803212133972,0
811,NO3N,-0.0037174764001324,0.077774859755909,-0.0291671024702576,-0.0131549723526588,0
822,NO3N,0.0094945542600661,0.0186677191338455,0.0479960148625501,0.0550530775276934,0
826,NO3N,0.002574513749968,0.0461118706567331,-0.0619814207988041,-0.0331767994257956,0
843,NO3N,0.001877053577871,0.1471583925984383,-0.045902356700645,-0.0120309746222892,0
845,NO3N,0.0107560045038032,0.2646846875624699,-0.028519804188833,-0.0143980284636482,0
848,NO3N,-0.0019371900387765,0.11729799572966657,0.0528809873644334,0.0500609045962813,0
864,NO3N,0.0046721779431704,0.1629734303514592,0.2941535246148419,0.0212976913329232,0
874,NO3N,-0.0092132839092074,0.14593805783992045,0.2965158716959661,-0.0154161922693211,0
881,NO3N,-0.0013411248298098,-0.1655702559264673,-0.0992712018620947,-0.0604470482760309,0
883,NO3N,0.030411063204104548,0.19331012911901005,0.0497401043888831,0.0719980947274372,0
885,NO3N,0.01730780764380315,0.1149263900608099,-0.0532808320003145,-0.0548411689556019,0
886,NO3N,-0.0252500025084873,-0.0622705856600071,-0.0293962449887161,-0.0675457820088412,0
889,NO3N,0.0013387237188538,0.05972926412747865,0.0425567346288386,0.0787698145160462,0
893,NO3N,0.0015465524238705,0.02681639541184725,0.0141133971206446,0.047856719832019,0
895,NO3N,0.0362454679702096,0.18271477376685447,-0.0059830391242717,-0.0235528657567439,0
896,NO3N,0.0495372127329508,0.3150607870226129,0.0814298119308592,0.0842861586013411,0
898,NO3N,-0.0012999682330916,-0.16286100268574,0.1088050183106648,-0.0445216744078202,0
899,NO3N,0.0147238639076913,-0.025469041015902,0.0449100242605026,0.0106053156849737,0
906,NO3N,0.03272295064868825,-0.00290309421944035,-0.007847073220184,0.0775479085470965,0
907,NO3N,0.0003518648984059,0.0785659778687096,0.0347998446769965,-0.0705652585409249,0
910,NO3N,0.022140903746080548,0.07426781215381664,-0.0106949139276794,0.0628334089304702,0
912,NO3N,0.0530414048014521,0.1293066655283923,-0.0384992103184708,-0.0487504678741355,0
916,NO3N,0.01910792488073405,0.15194585996364723,0.0040470539708987,0.027480011095994,0
917,NO3N,0.01101865886050285,0.1997659517630379,0.0329299075262681,0.0912041476060958,0
925,NO3N,0.0007908264548177,0.0833178192798023,-0.0777356255345815,-0.0566678414964563,0
931,NO3N,-0.0015829049605049,-0.0087312196564646,-0.1697740280632252,-0.0059473104464398,0
932,NO3N,0.0009710593714519001,0.07663307396460764,-0.0406417668319597,-0.1332786532717782,0
938,NO3N,0.010046186740045052,0.16520105040716115,0.0801783435418537,0.1055595166407919,0
944,NO3N,-0.0041067819526534,0.240476617335102,0.0656473886846753,0.0507028555843093,0
947,NO3N,0.03167057490881065,0.23045580620495484,-0.0470128740093968,-0.0456570044103891,0
968,NO3N,0.03597647846621655,0.1049421174427279,-0.0315750425530529,-0.0119985175419396,0
970,NO3N,0.0120713028697576,0.17447597146350963,0.023443550771838,0.0417043225210728,0
973,NO3N,0.0089021359405932,0.10097585404053815,0.0606217354898134,0.0713092869815114,0
977,NO3N,-0.0112423893489339,0.058800478829096,0.0461938993675476,-0.0065999430881123,0
978,NO3N,-0.0179309996548758,0.1973773714782811,0.0489709489628439,-0.0284460214291564,0
985,NO3N,0.0179441754026702,0.1183989654867397,-0.1087049832941662,-0.0762719203276175,0
986,NO3N,0.02924214938333345,0.11899330972300029,-0.0862785701500342,-0.0238280091767775,0
987,NO3N,0.0025236606453968,0.1491820373173019,0.0543935046669049,0.0203765293387451,0
991,NO3N,0.0109842279986596,0.1224259260809473,-0.0112784426120889,-0.0335581301974535,0
992,NO3N,0.0243535751822785,0.0516684673232241,0.022356871127189,0.0169150633163789,0
1007,NO3N,0.044931187270388,-0.30883241862416166,0.143095638882673,0.1793104613233525,0
1011,NO3N,0.0346145555518552,0.011388561850114701,-0.1142832589960592,-0.1068333918543033,0
1016,NO3N,-0.0029684068900112997,0.030595453507536202,-0.0599612716748021,-0.1024523433076542,0
1017,NO3N,-0.01104443441731115,0.09562470850052471,-0.0651268944028269,-0.043408917171288,0
1019,NO3N,-0.0042281855672563,0.12946141305706485,0.026281366907759,-0.0119067012357719,0
1042,NO3N,-0.00860702941576455,-0.00629686625941585,-0.3912056298240065,-0.1520810040552529,0
1045,NO3N,-0.0103686115625155,0.25205284505002723,-0.1180090480324915,-0.130745082148922,0
1051,NO3N,0.0077687098818017,0.2653025956626445,0.0203049097017991,-0.0516586898123314,0
1058,NO3N,0.0110310834322736,0.1943628027374768,-0.0061393083172626,0.028360769900066,0
1064,NO3N,-0.0044411619999679,0.26330365647871856,0.1319044818960901,0.0553384904888218,0
1065,NO3N,0.0176582965776093,0.3090675792585755,0.0057142153820952,-0.0210102073197629,0
1067,NO3N,0.0570326767058351,0.4229177695926974,-0.0986630419231512,-0.0175237131788553,0
1070,NO3N,0.0056041023542962,0.2348575068421902,-0.010272292417374,-0.0080367568362796,0
1074,NO3N,0.0329515141939533,-0.0796596340458507,-0.0208311487497285,0.0458167005653403,0
1077,NO3N,0.011880556529113,0.474719002175051,-0.0385128458100283,0.07490398627913,0
1082,NO3N,-0.0063242837019808,-0.1038652190033372,-0.0242627424642974,0.0311031597180808,0
1086,NO3N,0.02465212799640035,0.16894669958662664,0.035421728343936,0.0233498427428244,0
1113,NO3N,-0.052409163368579,0.1723470497140312,0.0240505794913577,-0.0553057348490617,0
1114,NO3N,-0.017932669852516597,0.1232189274224111,0.0775079706068451,-0.0026127409766401,0
1115,NO3N,-0.0111331729923333,0.1167548430062188,0.1394917073092947,0.083185211261358,0
1117,NO3N,-0.02604823414621355,0.18084133409881575,-0.0503715626318672,0.0680228103961173,0
1119,NO3N,-0.00018119224695475,0.20798846254019485,0.1010345894094907,0.043594828739886,0
1123,NO3N,0.010681009420334,0.2132985568414742,-0.0029254074604716,0.0551211325401935,0
1129,NO3N,0.0236872658895996,-0.0311451599628805,-0.3526817662246326,-0.256700274794485,0
1137,NO3N,0.00467824152192685,0.0798967921021925,0.2791426454988334,0.1925500397469072,0
1139,NO3N,-0.0942242204023517,-0.4719425073210109,-0.1296646905012356,-0.3574010308984593,0
1147,NO3N,0.04078221647060595,0.2859588524941422,0.0469261571200146,0.1215208494031723,0
1154,NO3N,0.0080934111364243,0.2580324256474647,-0.0369300092981267,-0.1312863359414988,0
1168,NO3N,0.0301966104015627,0.1469162681545344,0.2894110772535168,0.2056417668012015,0
1172,NO3N,0.025167292869208997,0.005673227873970951,-0.1225786776683728,-0.2537486078694905,0
1175,NO3N,0.0008782201969608,0.0888419144202627,0.1000824350824018,0.2149322650081344,0
1186,NO3N,0.0627792416124215,0.16854660624569934,-0.0288523878592998,0.0365375045060726,0
1196,NO3N,-0.0255278699533429,-0.0624562606075324,0.0454913373268095,0.1076303680074262,0
1218,NO3N,-0.00569141338810015,0.14922971971601745,0.0071133169094486,-0.0032917249774609,0
1226,NO3N,0.0091215840667514,0.1022778339363094,-0.0736611719426229,-0.0199075024385829,0
1235,NO3N,-0.02012633942442235,0.23960978240497866,-0.046178893532088,-0.0031469262381701,0
1237,NO3N,0.0045756563196997,0.3050942830782294,0.0549050372565471,0.1000675693368485,0
1238,NO3N,0.0059701669865037,0.1319540313289096,-0.0390568510228809,-0.0331812857618585,0
1241,NO3N,0.00426673680257105,0.1251300769914332,-0.0416871331834484,-0.0728967677101842,0
1244,NO3N,-0.0284663415869578,0.0523494508401221,0.0090409045399087,-0.0656659477954235,0
1245,NO3N,0.0029235732011293498,-0.1461631889399628,-0.2978066290752177,-0.931376438669546,0
1247,NO3N,0.0033965501094114,-0.1725447940941134,-0.0178404237968239,-0.0668357055869278,0
1257,NO3N,-0.0011191946474898,0.19969114148144324,0.0994743394730299,0.0470185826572536,0
1259,NO3N,-0.0148894482566726,0.17553285988163136,0.056540223271369,0.0537374413183471,0
1268,NO3N,-0.0227066328172636,-0.1520583908489634,-0.0428419570294576,-0.2985329117770665,0
1269,NO3N,-0.04256562815685105,0.17660684449734315,0.0002580724902956,-0.1019781944198185,0
1270,NO3N,-0.0255077595472126,0.1429710509064191,-0.0999469763666662,-0.1515391824458723,0
1271,NO3N,-0.0435591147518794,0.1750641990740339,-0.0285586191763635,-0.0595773212077282,0
1278,NO3N,-0.0013376866185892998,0.17384567687076366,0.0514480697018717,-0.2593267067164676,0
1287,NO3N,-0.0781322926178542,0.1871148285033874,0.0390985256459773,-0.0349194498256979,0
1303,NO3N,0.0057728362220927,0.11786007940493175,0.0043603475831459,0.0316952234125915,0
1315,NO3N,-0.0235176427951988,0.21191519764677857,-0.0016137482202382,-0.0650326337423387,0
1317,NO3N,-0.003697387602359,0.3571613251555787,0.0143953631188241,0.0059222123171557,0
1318,NO3N,0.00930680210683045,0.2772812450562131,-0.0027701966684137,-0.025396026073708,0
1321,NO3N,-0.01140332673458665,0.2325577917746345,-0.0357128863314537,-0.1575729213644683,0
1323,NO3N,0.0056106235419863,0.12833954475973805,-0.0075508605671605,0.0270946870746367,0
1332,NO3N,-0.0034251625844387004,0.23996526661111103,-0.0081649827902893,-0.0735466004333398,0
1336,NO3N,0.0119385646691154,0.0693323574447757,0.0080169335013151,-0.0097225858719722,0
1346,NO3N,0.0549001628110103,-0.038437920496954,-0.1773947696409519,-0.3348185898780429,0
1358,NO3N,-0.0514883108316005,0.0711323130482216,0.199351879641119,-0.2875176168025525,0
1361,NO3N,0.0049964415150442,0.211371793847248,0.0478642012718686,0.0585379852006176,0
1365,NO3N,0.025405832279052,0.20691636665452995,-0.0817657502216083,-0.0062773695074574,0
1367,NO3N,0.0186192645012225,0.0688069299848522,-0.152511247462085,-0.1449806164510195,0
1373,NO3N,0.04282578246417265,-0.0004355656051822001,0.0170501147026349,-0.0606606464317216,0
1383,NO3N,0.0134904006688994,0.2195091795287839,0.1353022013920216,0.0749821249149622,0
1392,NO3N,-0.0009838888999332,0.0657974674918362,-0.0473682268856643,-0.015844300455998,0
1409,NO3N,0.0239532410224928,0.0309338929749254,-0.0769452633891364,-0.0533621194046587,0
1411,NO3N,-0.017116696963556,-0.1922370929208931,0.0332047302317958,-0.0145657025062714,0
1423,NO3N,0.055865120435760904,-0.05876049158910025,0.2153229921986116,0.183560859310412,0
1449,NO3N,-0.014978895715791248,-0.1690698338872661,0.3929712268583261,0.3566753437163985,0
1467,NO3N,0.00044195036277904984,-0.03193282797970815,-0.1007422875112531,0.1423324572555994,0
1562,NO3N,-0.0021590508566931,-0.2277400482525685,-0.0208771870843043,0.0008956540617087,0
1570,NO3N,0.0005927860768426501,-0.10906126131005026,0.0254382011011405,0.1449045283532143,0
1571,NO3N,-0.0078700254841387,-0.12594063364928984,-0.0604802139462196,0.0047479826258905,0
1573,NO3N,-0.01749896334667085,-0.3492426916263148,0.0901677710245596,0.1836552610181167,0
1604,NO3N,0.0420613572549584,0.073347058098295,0.0092237632342172,0.0219469783250756,0
1606,NO3N,0.0442471750893003,-0.1139432528607783,0.0461369419031263,0.0192874125617135,0
1607,NO3N,0.0194633496772852,0.02140298532367995,0.0449277018718651,0.05575563865909,0
1614,NO3N,0.0218914214818531,0.2755190293207246,0.0968730351607679,0.0942283746118453,0
1616,NO3N,0.000278048104113,-0.0251065621036624,0.1818933386905612,-0.1500106258116717,0
1618,NO3N,0.0724576772133568,0.06348654387618685,-0.0691430417443121,-0.037873021538096,0
1638,NO3N,-0.120446153075867,-0.5977462525364919,0.0861487323103253,0.1690512684764737,0
1644,NO3N,0.0995727486591395,-0.1050443808035439,0.1152710235760139,0.0573549729073701,0
1649,NO3N,0.12350881557115585,-0.13954124600068335,0.1349629900482722,0.1591103887577676,0
1665,NO3N,0.05708187921221235,0.0387336965587784,0.1000739052579986,0.3152115152795154,0
1668,NO3N,-0.006703495134261,0.2125391530603591,0.0502795963990004,-0.0588979827982058,0
1669,NO3N,-0.0443076253519522,0.1551949402337412,0.1095961717620717,-0.0220823366386668,0
1670,NO3N,-0.03752767555225045,0.10957379604435245,0.0855303676098586,-0.0954840006473095,0
1671,NO3N,0.0477965551822556,0.241597136130946,0.2523001873549782,0.2294935338858217,0
1672,NO3N,0.0498786983843183,0.1640210614555951,-0.1483012497625332,-0.2034617004136243,0
1673,NO3N,0.0058908140704857,-0.041649582360851894,-0.0247839902945123,0.0688745498310873,0
1674,NO3N,0.0306908804619122,0.0067987334587634,0.1875581218403503,0.2689359270693692,0
1677,NO3N,0.00337657772903325,0.2203975893523398,0.0773402488288618,-0.0335279968512319,0
1678,NO3N,0.020971985893362848,0.005347935446028199,-0.1078017182921163,-0.1539801651772333,0
1679,NO3N,-0.0026573674498368,-0.121011485611769,-0.271584999554629,-0.302010810230054,0
1680,NO3N,0.007000312382309,-0.0005719489256505,0.0328956179579942,-0.063719575600207,0
1683,NO3N,0.00482666987015025,0.07403437513251479,-0.0995013389088932,-0.0575381399523441,0
1684,NO3N,-0.0031602742033384496,0.21570550490188445,0.0831809839460726,0.0578304240623807,0
1685,NO3N,-0.02593727980083425,0.23057300370701833,0.0588156933249383,0.0139811862454236,0
1686,NO3N,0.00455645327642985,0.3764941417659474,-0.0087071414332115,-0.0352266682279913,0
1687,NO3N,0.0002550695078234,0.1269971517859301,-0.1146436309313247,0.1503479117472163,0
1688,NO3N,0.0038876175487197,0.1083066542638085,-0.1477593102952435,-0.2252379735649222,0
1689,NO3N,-0.0048123288251924,0.1377524191690132,-0.0093512393235204,0.0655229373506136,0
1690,NO3N,-0.0262824867420184,0.19883393228412116,0.0730540132565875,0.0079170722286841,0
1691,NO3N,-0.0434899840225574,0.137046414705955,-0.0448847092863945,0.022292084728529,0
1692,NO3N,0.09302059855676985,0.14689229501505272,-0.2626711430053127,0.083533859917668,0
193,PO4P,-0.07836190617062169,0.20636070387570504,0.0683679187341158,-0.027500098619666,0
194,PO4P,-0.0516720105443209,0.1036424223742373,-0.1558695056029526,0.4113930639978025,0
198,PO4P,0.0,0.078533027583002,-1.5674165776200155,0.6155220244557937,0
199,PO4P,0.23722898979755785,0.38233257167701074,0.1015914972074056,0.188395372383747,0
200,PO4P,0.06493513806010184,0.1148034673585247,0.1075571450240841,0.0668382282050634,0
201,PO4P,0.0298529631496811,0.19120416967950274,-0.0704877535591382,-0.1609517318555284,0
212,PO4P,-0.0674412807955326,0.1620344648512638,-0.8451437622985762,0.6486474480394882,0
218,PO4P,-0.01943111239316805,0.20131736079491208,0.2569608649745034,0.4053052173109218,0
220,PO4P,-0.00217865268447785,0.047831079016998346,-0.3329709561097452,0.4709145932925827,0
221,PO4P,-0.036131209774063755,0.1624015238234246,-0.0675214668119857,0.0827047702906788,0
224,PO4P,0.0,0.1695460644793202,-0.1587567971858914,-0.0815660973822874,0
226,PO4P,-0.0468835858988505,0.1838464539634042,0.2365306059705145,-0.2688172424042,0
227,PO4P,-0.1101435790984259,0.2032573340829871,-0.0435963235468828,0.1932820789980607,0
234,PO4P,0.09116077839697725,0.27916319766680864,0.3188993917321487,0.027420631435991,0
242,PO4P,-0.0241115550002827,0.3715773550023612,-0.0867636065017339,0.0150040583881445,0
243,PO4P,0.0,0.264009779515615,-0.1206141402716993,-0.0059392907141097,0
246,PO4P,0.0136679224338403,0.16105223131540156,0.1751009871299342,-0.0971575528542432,0
250,PO4P,-0.028105962225031547,0.11152273162106235,0.0102905522395653,-0.0943158142462448,0
252,PO4P,0.0,-0.0018938204006305,-0.5095211235939161,-0.6881396680505718,0
254,PO4P,0.0377403279828471,0.270128778650271,-0.1741113880330781,-0.0706148649919405,0
255,PO4P,0.0,0.15705504024462,0.1485798713491497,-0.6819647004577308,0
257,PO4P,-0.0992316882287172,0.15976517674714064,0.0992486268251229,-0.0782566860008668,0
258,PO4P,-0.0077220460939102,0.2111182982060694,0.080317604304919,-0.1405437128557876,0
260,PO4P,-0.0760347568117169,0.1558959257182938,0.1620270855685212,-0.2907698939604415,0
268,PO4P,-0.0406127199612929,0.13710432080508084,0.5317228609507814,-0.656715562215057,0
271,PO4P,0.0,0.4412439814795546,0.0083615713502752,0.0240531976298197,0
273,PO4P,0.0227311870383786,0.0394004556318149,-0.0011522013748487,-0.104340521759189,0
275,PO4P,0.037041271680349,0.3172466563495157,-0.0449462259868052,-0.1476320095669616,0
279,PO4P,-0.04673286400283855,0.29329284856566845,-0.0442122699839347,0.0831803122709305,0
284,PO4P,0.0047243807356153,0.1868975023675286,-0.2776160389613031,-0.1116745295608647,0
285,PO4P,0.0408219945202552,0.1724345397361531,0.5381074756649026,-0.3892950646129831,0
292,PO4P,0.0562389917133452,0.2511522393215329,0.1010992581969146,0.0994160737435392,0
296,PO4P,0.0,0.1643486694878188,0.3316363540391951,0.3750776443718461,0
312,PO4P,-0.03478874794121965,0.1446697761379222,-0.2108589537019669,0.1256296963713838,0
313,PO4P,-0.04679376324643915,0.17938451995701726,0.4011352238621112,-0.4447364266403006,0
314,PO4P,-0.0748077623309335,0.06398688527758115,0.6377380048835074,-0.6135960820987867,0
316,PO4P,-0.1509710269098785,0.1832210967053801,0.0083354763081973,0.0367307223727484,0
317,PO4P,-0.0893451003358499,0.191146952981675,-0.0759261126046708,-0.0046389473272434,0
327,PO4P,-0.0219789067187752,0.1898074159262336,-0.0626299794056299,-0.0168818164946911,0
328,PO4P,-0.0314161962333789,0.3265372014291055,-0.1146698568431588,0.0155438905078809,0
329,PO4P,-0.0571584138399485,0.1582320875890458,-0.0376969839710765,-0.0920001802210839,0
331,PO4P,-0.0326356951766119,0.21515294634805537,0.3308567554894478,-0.0335154684864584,0
333,PO4P,0.0,0.14409949241684486,-0.2306601004389113,0.2633108782190643,0
334,PO4P,0.11157177565710485,0.18164380838431143,0.4194316519640609,-0.1355992443457654,0
335,PO4P,0.005780411200538,0.14509543882107856,0.1152680923802385,-0.9911343977646548,0
336,PO4P,0.02635839108620225,0.18694354368256139,0.9463931148299708,-0.8449184646962848,0
337,PO4P,0.0427771202282499,0.2391988475520227,0.0891437453784308,-0.3814395939262794,0
338,PO4P,0.0131079210654464,0.09343287764258884,1.0017439088142654,-1.7983145688839743,0
339,PO4P,0.0,0.2162974077788392,0.8354763488739263,-1.7744116899308802,0
340,PO4P,0.0444517625708337,0.2063888166008305,0.6578426362655814,-0.7469385686860543,0
341,PO4P,0.0,0.0956440586202225,0.0810016907356065,-0.2164304699147068,0
342,PO4P,0.08420789723901209,0.23350362455517504,0.0336052023568831,-1.3004856652630803,0
345,PO4P,0.0384805205680641,0.14310244458396681,0.775723920489811,-0.7256065697169456,0
346,PO4P,0.1508228897345837,0.1857004000721369,-0.1511890327162448,-0.3797804688835134,0
347,PO4P,0.0377403279828471,0.0668071762980414,0.4285196861047906,-0.6167646860701632,0
348,PO4P,-0.0425975357432193,0.18856624307846065,0.2143824407535834,-0.5391013757762741,0
349,PO4P,-0.014499860388548499,0.1756903972087866,-0.0917393589153836,-0.0041444883056614,0
350,PO4P,0.0,0.11857674864811069,0.0468684291422996,-0.5087653360438158,0
352,PO4P,0.0124225199985571,0.0938770481669447,0.1954149249584687,-0.5162103644494187,0
354,PO4P,0.0,0.00439122165796885,0.7080437787045806,0.5511289710725331,0
355,PO4P,0.0,0.0865929629289747,-0.4275249030614193,-0.4449063478676605,0
356,PO4P,0.0,0.19252899481962366,-0.4795547560020393,-0.619796625908668,0
357,PO4P,-0.036912603352887596,0.24223422167572656,-0.1687782039449276,-0.8784535047492804,0
358,PO4P,0.0,0.1214972832729023,-0.1063733182344007,-2.6546939144690804,0
359,PO4P,-0.03334568724933605,0.1601157111603734,0.7053784526010175,-3.02377557078025,0
360,PO4P,0.0148150857851406,0.1508145640116252,0.4514005621136187,-0.9046838020555104,0
362,PO4P,0.1838494409720079,0.3505410307944841,0.2073367099032477,-0.582479948738513,0
363,PO4P,0.0327898228229909,0.1255743633881285,0.4806289715327223,-1.258050436157955,0
364,PO4P,0.0,0.17578858010739534,0.0947681034247736,-0.1216585783695559,0
365,PO4P,-0.05889151782819165,0.09601096488999875,0.11990674711189,-0.1642684328021055,0
366,PO4P,-0.0188701639914235,0.0257475484592182,-0.241000334263974,0.0779952370805403,0
367,PO4P,0.0,0.1369623964997608,-0.3048693386149582,0.140485390966667,0
368,PO4P,0.0,0.17226097510132998,-0.3078782076982481,-0.277807768554229,0
370,PO4P,0.0,0.08231741370112415,-0.1716543805744425,0.0332935642475258,0
372,PO4P,0.0,-5.71716440330123,-0.5096322838500733,-1.891523072530373,1
373,PO4P,0.075985906977922,0.1051685921474795,0.0238377568609696,-0.588177974973589,0
374,PO4P,0.0386207926969123,0.18953439067177805,-0.4982918652259381,0.3845172676676336,0
375,PO4P,0.05268025782891315,0.14509816494771774,0.3990685682322389,0.2118104591890228,0
376,PO4P,-0.04226202410599225,0.037265418214074655,0.0856162044394613,-0.2698925345675845,0
377,PO4P,-0.14546003386277812,0.16177656758565684,0.1136876792834687,0.0300916098503328,0
378,PO4P,-0.0359320092260633,0.1074630676265531,0.1019140863393855,-0.0494904656167376,0
380,PO4P,-0.02303822914891785,0.1701391733089307,0.2448613903616948,-0.813872375840309,0
381,PO4P,0.01810152433198025,0.18829155764017036,0.3335648455446196,-0.5844785334831166,0
385,PO4P,-0.0256424306133376,0.1040180241812743,0.5361184158005808,-0.4434257347237829,0
387,PO4P,-0.06363088980546344,0.15810157137725825,0.1896833157410756,-0.4394137230934301,0
388,PO4P,-0.13536625706900374,0.15323049121735643,0.1954519967668692,-0.3872029895067336,0
391,PO4P,-0.0444517625708339,0.1288035151939299,-0.2044442334453213,0.0765754775959137,0
392,PO4P,-0.06252715266980954,0.2437263412780818,-0.1662308411833488,0.3727304602293908,0
393,PO4P,0.0,0.1200835559629638,-0.0355067153768647,-0.2335402767197634,0
394,PO4P,-0.0645385211375711,0.0428052199375871,0.2276474860036691,-1.019772085611756,0
628,PO4P,-0.0158733491562901,0.1005351919538215,0.0745440008972499,0.1061080371125514,0
630,PO4P,0.0,0.1756358812780444,-0.1652202779727567,0.1465126742546858,0
632,PO4P,0.06429697588029959,0.2594342467556469,0.0155985918946056,0.2651905803566438,0
634,PO4P,-0.00692873881470455,0.0332451923329962,-0.0798889144750176,-0.0664132225208546,0
637,PO4P,0.0,-0.1341319812193808,0.1926940838471322,-0.2627944544135168,0
638,PO4P,-0.13810652255150804,0.02923572078521185,0.0466921299871788,0.4114103798216164,0
643,PO4P,0.0,0.09154113010461795,-0.187098800148102,-0.0023072644063986,0
645,PO4P,0.0,0.0524350716828785,-0.035553992622945,-0.2616429117443766,0
648,PO4P,-0.07753851734369445,0.0200835926946994,-0.2489964938525246,0.082302652080316,0
650,PO4P,0.0,-0.13693553741193384,-0.0730012790280683,-0.1303381156981421,0
651,PO4P,0.0,0.0379723441353041,-0.1129369679559752,-0.1320597945916277,0
656,PO4P,-0.0769610411361282,-0.0807460941680196,-0.0523955391953566,0.0380163414725653,0
661,PO4P,-0.0259930275332255,-0.15745355563070318,-0.2941003790601594,-0.0291346747495723,0
663,PO4P,0.0,0.06556240343422425,0.2601337094618305,-0.3992302349451178,0
665,PO4P,0.0,0.0266777336231314,0.1596794121205771,-0.4509387144497294,0
667,PO4P,-0.0200006667066695,0.0185673475007513,-0.2474763354082883,0.2835616064010882,0
668,PO4P,-0.0157483569681391,0.0785904012533479,0.1740818893326977,0.610178426489496,0
669,PO4P,0.0327898228229909,0.0447838523055227,-0.1686394269121182,0.08768891726878,0
671,PO4P,0.038594819345564954,0.020600211174904952,0.2171573339814193,0.0492394408094016,0
673,PO4P,0.1053605156578263,0.03456720482909185,-0.0710749326811504,-0.1734089735505541,0
678,PO4P,0.10149949261087104,0.09769365489634396,-0.0302535947745254,-0.2644105437628352,0
680,PO4P,0.09647432468412025,0.1714389425520101,-0.8892171247676995,1.2560705787992932,0
686,PO4P,0.0,-0.0229953707241549,-0.0321410926014699,0.1534464708579881,0
687,PO4P,-0.0093393805392519,0.040403600575409454,0.404222828415801,-0.2419048960131748,0
688,PO4P,-0.020618566625870652,0.1065347352170352,0.2987143335815647,-0.1380542298472407,0
690,PO4P,-0.0389592185462278,0.016147104897409302,0.0749686623648906,-0.1588363551334697,0
692,PO4P,0.11059616559147395,-0.0697274873443004,0.3636609122143334,-0.261379296775571,0
695,PO4P,0.0800427076735363,0.1279447859158827,-0.0794198180307216,-0.6336731633810939,0
696,PO4P,0.0588405000229333,0.0319061213188512,-0.1677794966903424,-0.1661472311578504,0
701,PO4P,0.0,-0.2620724806900347,-0.0503280655076749,0.0875572082174201,0
704,PO4P,0.0,0.0275803471821728,0.0124274015136572,-0.0946663300771903,0
705,PO4P,0.03775601153530425,0.060113046791685554,0.178047675345763,-0.6723263486325148,0
711,PO4P,-0.0152674721307884,-0.0068036729996884,0.2465330333393462,-0.4421513091615185,0
712,PO4P,-0.02005193081740715,-0.20423667531052442,0.0225885054850533,-0.2722150039988479,0
716,PO4P,0.0190481949706944,-0.0731778837282789,0.3881558614399211,-0.4740023321890885,0
718,PO4P,-0.006589934704366951,-0.06065259501161045,0.3562011589071563,-0.5318168052441758,0
722,PO4P,0.011502314664547049,0.0006794170265742505,0.4122190486298169,-0.1034588420675608,0
723,PO4P,0.0,-0.06327891499992674,-0.0520609167999943,0.301440324754493,0
728,PO4P,-0.0831149067105066,0.0814287722679074,0.0945081647590487,-0.1784019747726311,0
730,PO4P,0.0,0.0201427856844228,0.2685001262994198,0.3108406926536269,0
731,PO4P,-0.0185190477672375,-0.0034128206674392,0.1945662690205995,-0.2820586861094118,0
734,PO4P,-0.048035685406091155,0.0042451315402894,0.2503915156735938,-0.2552739975857525,0
735,PO4P,-0.0714322964974635,0.06754105052833459,0.1039821427505267,-0.0677862666216883,0
736,PO4P,-0.04450842880189945,0.1077399887437212,0.1891137728159521,-0.9056729718948322,0
737,PO4P,0.0,0.0721073417918267,0.3455899328454272,0.9545801096244302,0
739,PO4P,-0.0281708769666961,0.1902599594443125,-0.0357036872700658,0.3436066792084076,0
740,PO4P,0.0,0.0880612780539448,-0.4141844858843626,0.1771305210164373,0
742,PO4P,0.0,-0.0135986413664586,-0.6700418927959129,-0.1934319025689763,0
743,PO4P,-0.024569480412260147,0.05080348005727605,0.2953260023250113,-0.2037752035519553,0
744,PO4P,-0.029382654613125753,0.05555176833810625,0.0194491257955293,-0.1643610507143509,0
745,PO4P,-0.0198026272961796,0.0900414196047198,-0.0223358918919515,0.5913136025887524,0
746,PO4P,-0.03657112751688145,0.12516797176906316,0.5545486531455516,0.022441115252791,0
748,PO4P,-0.1335313926245226,0.0789180708839234,0.0088084611117159,0.1579489175500548,0
749,PO4P,-0.0136676387286638,0.0878422129176638,0.1410205282274961,-0.6193197112472182,0
750,PO4P,0.0,0.0695390515030909,-0.0012254046466585,-0.5601454015890817,0
751,PO4P,-0.0133341235410806,0.05772993909393735,0.2715999301830293,0.219147527367844,0
752,PO4P,-0.04971931901055785,0.02113204235876075,0.1163618660418442,-0.1837099406283955,0
753,PO4P,-0.06199711787451205,0.0895916186296591,0.7305531809254395,0.071185230754895,0
754,PO4P,-0.024398686480637248,-0.16830729468180033,0.4769170220990071,-0.6090685890350379,0
756,PO4P,-0.04250326172497025,-0.02404008330489165,0.5205008049832716,-0.2669175989620482,0
764,PO4P,0.0363676441708747,0.1153786949584652,-0.2938854938341248,-1.982081996979748,0
768,PO4P,0.1017826943099423,0.1811626998204668,-0.2584157927667112,-1.2196157024322345,0
769,PO4P,0.11480803290991365,0.15756507582884585,-0.3155573704459904,-0.8269790733172637,0
772,PO4P,0.0963854863341477,0.22070850687700416,-0.1794517102977093,-0.0544011287290624,0
773,PO4P,0.0851578083403069,0.1280321520944744,0.2917262252316392,0.3338248164666267,0
774,PO4P,0.02420281136517695,-0.1236125269789598,0.2320540118943709,-0.1042464349109197,0
775,PO4P,0.0786118875696532,-0.0186173372979119,0.1110631623610709,-0.1125556939329799,0
776,PO4P,0.0289875368732524,-0.1166204026046273,0.2036387157203795,-0.0436140348527818,0
778,PO4P,0.050293618452584204,0.0066869420618252,-0.1462984368320894,-0.5699955126684326,0
781,PO4P,0.0071943687260498,0.0169307910191369,0.0914766951953852,-0.4026521197536721,0
782,PO4P,0.0111733005981252,0.0847169301037325,-0.1492767266288998,-0.760454835431041,0
783,PO4P,0.0,-0.0485084807637711,-0.1540630962226738,-0.6006430127714668,0
785,PO4P,-0.01538582933337685,-0.0392382663893944,-0.513168628534247,0.1715558027327648,0
786,PO4P,0.00751893868227025,0.01445155168309865,-0.4872679500096425,-1.4057521245740987,0
787,PO4P,0.01636872723197065,0.00665375099046445,-0.2390270211318126,-0.6299795530270272,0
789,PO4P,0.0837955798157997,0.09054522120108585,-0.0446856924177006,-0.4767137251091741,0
796,PO4P,0.0255333020051646,0.1639045264325884,-0.10609116399102,0.1017761372046945,0
797,PO4P,0.0149256502166757,0.1505632695909781,0.0622334416971254,-0.2197398867094704,0
874,PO4P,0.0,0.17324427666299635,0.1541082473034674,-0.3130070717819575,0
883,PO4P,-0.14731520251019387,0.1176946155174331,0.0052058966062709,0.1285749080136635,0
885,PO4P,-0.138646493291293,0.1262308682099473,0.0685111335850086,0.0852150727868064,0
886,PO4P,-0.616186139423817,0.0054467778285319,0.0632560637328737,-0.0565687303856338,0
889,PO4P,-0.0188206026096116,0.07689815618223289,0.029718501424221,0.0055861507832534,0
893,PO4P,-0.02402674344395745,0.0567737103253862,0.0265555489509961,-0.0219644006124665,0
895,PO4P,-0.02890133728653375,0.0995954352907094,0.0677346551249581,0.0119671667677888,0
896,PO4P,-0.0506522555720212,0.029362691915504453,-0.000135485745046,0.0511175483125043,0
898,PO4P,0.0,-0.07339580554217075,0.1256623037805592,-0.2196609258381892,0
899,PO4P,-0.050558128486989595,-0.01507583751494275,0.0520460653036744,0.1916260927214533,0
906,PO4P,-0.0909717782057266,0.0741079721537218,-0.0996455161032309,0.3968983687391214,0
907,PO4P,-0.04764070989612175,0.14863323878274298,-0.0720453371958607,0.091312454710376,0
910,PO4P,-0.02522504625941855,0.0407999860224579,-0.0373675463280734,0.0948615651917411,0
985,PO4P,0.0,0.0952819555342731,0.1003890494926727,-0.0191707213662689,0
986,PO4P,0.020854456269241498,0.1022189222869842,0.0831470571105033,-0.0076041583477677,0
987,PO4P,0.0784716154414951,0.1471147744369325,0.0820518853703033,0.0117462028849025,0
991,PO4P,0.0816780310142671,0.093966326645605,0.1283590439468218,0.058773051311905,0
992,PO4P,0.041672696400568,-0.0905894786693874,0.071831488147233,0.053000209834105,0
1007,PO4P,0.052643733485422,-0.18588673542584444,0.0030409573744886,0.0550754915306098,0
1011,PO4P,0.0057143479118114,-0.0364001846452084,-0.0014639681553875,-0.054929335902945,0
1016,PO4P,0.0,0.0554697780317719,0.1384181056072372,-0.0042573730479654,0
1017,PO4P,0.0,-0.026485535077327205,0.008270757467798,-0.0853929380444621,0
1019,PO4P,-0.01123642792602925,0.1194673346080208,0.0412644148165619,-0.0807177286308556,0
1042,PO4P,-0.1376807940318701,-0.00724171859625725,-0.2008130678701223,-0.0596978818852396,0
1045,PO4P,-0.1995103884136648,0.1922726984521966,-0.0416512459623483,0.0979267079350444,0
1064,PO4P,0.0,0.2578291093020998,0.0731051513131651,0.3816830966086582,0
1067,PO4P,-0.2719337154836418,0.2128602734421361,-0.1636166259586814,0.2214985129068283,0
1077,PO4P,-0.6061358035703154,0.1298869889475642,0.1454016990944037,0.4167288485495417,0
1082,PO4P,-0.0307716586667536,-0.191700289080387,0.5832701466721306,-0.2182912752943067,0
1086,PO4P,-0.0224728558520586,0.0876867451643513,0.168046989425833,-0.1491324205002714,0
1113,PO4P,-0.1962799090446615,0.0734607273968751,-0.0882427486647109,-0.0394777395516481,0
1114,PO4P,-0.1146629083201397,0.0960384824867298,0.3026833565307046,-0.3443963135489456,0
1115,PO4P,-0.0953101798043247,0.0851997062181055,0.398726969560485,-0.0536910860746824,0
1117,PO4P,-0.10694999621532425,0.1253342697181842,-0.0020711865369595,0.0972254514663992,0
1119,PO4P,-0.0454623740767574,0.1599012236230456,0.2511062143220018,-0.2014983449956453,0
1123,PO4P,-0.1512309697239235,0.0565133390773933,0.4005808050224619,-0.129842851936826,0
1129,PO4P,0.0,0.0818577168153027,0.6732898088463349,-0.1583848817524245,0
1137,PO4P,0.10654660773035404,0.05428052058106595,-0.3576354339603286,-0.7756655921612862,0
1139,PO4P,0.0,-0.3876317221390944,0.2636183898154981,-1.0587976230675782,0
1147,PO4P,-0.21349191076881996,0.1949973883460671,0.1727620913345794,0.3271536099282803,0
1154,PO4P,0.0298529631496811,0.3168107529291503,-0.0577605548176836,0.047922723427886,0
1172,PO4P,-0.042559614418796,0.0073183808076799,0.4649845738753543,-0.478822136648775,0
1186,PO4P,-0.23527586231402525,0.0675713316213381,0.0107537538178573,-0.054594264968353,0
1226,PO4P,-0.13894453403616414,0.0894667832618173,0.0547887643521869,0.0125176218743234,0
1235,PO4P,-0.3622929362429557,0.057930597774641,0.0052002140422435,0.2546550360218356,0
1237,PO4P,-0.2353140869344648,0.17085217924568,-0.1094019940373337,0.2070704329342222,0
1238,PO4P,-0.037740327982847,0.1608283196138238,-0.0766444579670993,0.1166902724485019,0
1245,PO4P,0.0,-0.0515709200000049,-0.1608073416152733,-0.526690182312864,0
1247,PO4P,0.0,-0.0463114868050265,-0.0803066321116929,0.0315140250254021,0
1257,PO4P,0.0,0.3172460306746504,-0.0949301896507327,0.1255197279899124,0
1259,PO4P,-0.19358505784449975,0.01492619249928305,0.0523229665613431,0.1280476452513259,0
1268,PO4P,-0.07850187440483225,-0.02537395783782775,-0.2171233503974068,-0.1339253177873681,0
1269,PO4P,-0.2888520682039262,0.0195467520879822,-0.0534949427709253,-0.0261512908165104,0
1270,PO4P,-0.2231435513142098,0.0636143658811819,-0.0807587999785278,0.0085598630158668,0
1271,PO4P,-0.2047944126460131,0.0743365580966817,-0.2679782577090746,0.1173327669758784,0
1287,PO4P,-0.3011050927839218,0.0968554139452664,-0.001835223450478,-0.0802858236155384,0
1303,PO4P,-0.1354046370062029,0.0643505335441985,-0.0033359549957366,0.1201708020726601,0
1317,PO4P,-0.4532998279745365,0.09038814337681886,-0.2102389367671334,0.4029111934976723,0
1318,PO4P,-0.2378496987039053,0.1410000654746861,-0.0838709185145276,0.2551765785357658,0
1321,PO4P,-0.1830478262423481,0.162831019888601,-0.0276046547608414,-0.5100341855931005,0
1323,PO4P,-0.325814942147225,0.0445952206086841,-0.0492652315371979,0.1258120714563824,0
1332,PO4P,-0.1541506798272585,0.1553209549754487,-0.0974935796545329,0.016736291154118,0
1336,PO4P,-0.08901155801687005,0.09976971434590855,-0.3606864687432038,0.150783173640836,0
1358,PO4P,-0.169476732724435,0.046994452837948494,0.0924227168799802,-0.3514416889620557,0
1383,PO4P,-0.35275341689263195,0.12128665733958155,-0.1256611248515543,0.1836116916966097,0
1392,PO4P,-0.1262320901429109,0.0061361900219965,0.0315803750631391,-0.005996720547165,0
1409,PO4P,-0.0549157575961147,-0.0594561438762195,0.3350859714662838,-0.3669427920436128,0
1423,PO4P,0.0,0.1323747126695665,0.4854016844473334,-0.161109893264969,0
1449,PO4P,0.0,-0.02543405626005985,0.6767494792885808,-0.5436848752133356,0
1467,PO4P,-0.028662770052114997,0.0632735308747341,0.1678769564283949,-0.1936308053034053,0
1472,PO4P,-0.0448460937500507,0.06098204594721135,-0.1104352397259028,-1.1737325615834735,0
1473,PO4P,-0.040005334613699,0.0656484988138526,0.0405301686787999,-1.146529388529516,0
1474,PO4P,-0.0233473639969911,0.1242355254388386,-0.1478450369750483,0.0388454631557571,0
1482,PO4P,-0.0395726461693115,-0.01066467743526825,-0.0755581245455652,0.1868483039660196,0
1485,PO4P,-0.0108109161042156,0.0172278063225048,-0.112427954083139,-0.184733793227565,0
1487,PO4P,-0.0190481949706944,0.1049536315387515,0.010272676100172,0.2525470140764232,0
1494,PO4P,0.0,-0.0809501074671273,0.0239635742284651,0.0474432485343622,0
1495,PO4P,-0.0076337360653942,-0.1658396850204159,0.1183777935397669,0.0816531472602339,0
1496,PO4P,-0.016264821648825797,-0.10741910780301625,0.1499277184427911,0.0051238477334933,0
1499,PO4P,-0.0766266075523456,0.0140775200119297,-0.0469209916895759,0.209911181695364,0
1506,PO4P,-0.0036630200460364,0.03787156208014695,0.4575853318543627,-0.3130360213482013,0
1510,PO4P,0.0201134667544721,0.11111835059543705,-0.4204290502102407,-0.1391058767425881,0
1525,PO4P,-0.0121420193606562,-0.041735865068684846,1.797802616712281,-1.0710177882958236,0
1562,PO4P,-0.0689928714869514,-0.1329099271890711,0.0956001401645426,-0.0389441349347929,0
1570,PO4P,-0.0277849255774053,-0.0959616267480067,0.3390486892242168,-0.4129100806673084,0
1571,PO4P,0.0,-0.03930551798337725,-0.0209174005857076,-0.0489605759645022,0
1573,PO4P,0.0,-0.16706664738101573,0.0355608918459372,0.2510323716879863,0
1604,PO4P,0.004495855595982,0.07239249571531856,-0.0602426770294063,0.0634126993691498,0
1606,PO4P,0.0243914531241592,-0.0103810981971157,-0.0816726071429344,0.005257596256725,0
1607,PO4P,0.0119049025063184,0.0284359288005923,-0.0399789545387641,-0.04549775472101,0
1614,PO4P,0.0,0.1601476992996326,0.0042765831843161,0.0159048318918917,0
1616,PO4P,-0.0408219945202551,0.0155980654281815,0.3064323215740206,0.0363739048125906,0
1618,PO4P,0.0,0.0794399452260715,-0.0272808014775198,0.0527871702718584,0
1638,PO4P,0.0110498361865849,-0.0576211154704355,0.4453681837782315,-0.5255644101652928,0
1644,PO4P,-0.0487901641694319,0.06186394048676,0.0461377635890172,-0.090968815953161,0
1649,PO4P,-0.038362554305867755,0.07523185425733366,0.0253238824910411,-0.0075076669988846,0
1665,PO4P,0.0,0.06082061843678475,0.0142412259160052,0.0275449828509999,0
1668,PO4P,-0.1201443118420632,0.1608126325229183,0.1172523120626161,-0.0500982998512473,0
1669,PO4P,-0.1715791255895011,0.07841241983820266,0.0274993474458664,0.0987633452808232,0
1670,PO4P,-0.10033534773107544,0.1105344199222652,0.1506188845008115,-0.0774722543248168,0
1671,PO4P,-0.3591410364339258,0.1522692117275527,0.3585108821728734,0.2556776680742734,0
1672,PO4P,-0.0358461317731356,0.1152639408728351,0.0555513802121869,0.0778560372179348,0
1673,PO4P,-0.00900925275133915,0.0196296306222184,0.1800415576669288,0.0905898234720816,0
1674,PO4P,-0.0375379193190652,0.0063126207322816,0.0921595528082868,0.1359452232529722,0
1677,PO4P,-0.02440597544956785,0.1614763820777905,0.1703132926118913,-0.5846846557467729,0
1678,PO4P,-0.0463269321943558,0.0643383657663871,-0.0354493358780889,-0.3708733082644009,0
1679,PO4P,0.0,-0.0452063357477229,0.7149405278111672,-0.850417727109307,0
1680,PO4P,-0.040005334613699,0.0325622100228501,-0.0114369147488463,-0.2882468077537051,0
1683,PO4P,-0.0320109293824654,0.0472539644764,-0.0100706162432079,-0.0155157419922211,0
1684,PO4P,-0.060804636675670196,0.157839295069657,0.0729672619735544,0.0042529901596284,0
1685,PO4P,-0.14711973649896998,0.15181187766649834,0.0705814987922718,0.044470469080511,0
1686,PO4P,-0.1573230840770069,0.2654375841078863,0.0367640867624877,0.0714793859363661,0
1687,PO4P,-0.054658412537864,0.122765597479842,-0.0500599349680576,0.2768285146161645,0
1688,PO4P,-0.0558804583944566,0.069176459843857,0.0523860720693651,-0.2083217249906287,0
1689,PO4P,-0.0512932943875504,0.1038773381623766,-0.0290425511535318,0.268438797120836,0
1690,PO4P,-0.24010138177600382,0.0645719209320813,0.1049864022138751,0.1800606013542736,0
1691,PO4P,-0.19267843928240935,0.1134060637866797,0.0081690043155479,-0.0879864562354177,0
1692,PO4P,0.0115252155322675,0.127284171616593,-0.0146360559120701,0.1967450011460081,0
193,DOC,0.1240939360092223,0.284239911331845,-0.0080750702560792,0.0244523468940989,1
194,DOC,0.0176489198212057,0.1797631877002856,0.105051465726005,0.1188194945838601,0
198,DOC,0.0013001085254911,0.0715208868922157,0.4921186187276312,0.2457378663655732,0
218,DOC,0.040635061161453,0.2558918068348946,-0.0334314897215321,0.1669472087103529,1
220,DOC,0.0004335573447492,0.0824137282702868,0.0241688909172303,0.0850370943331455,0
224,DOC,0.042816467713426454,0.07491980067710949,0.0143507916277891,-0.0215195022058769,0
234,DOC,0.07506230219011695,0.3023489516265938,0.0929326049550246,0.2448432732992402,1
243,DOC,0.0616319114973626,0.2551773145326767,0.0258226985266737,0.0247417033049957,1
246,DOC,0.036684097767506904,0.07997819145068841,0.0935947867185928,0.1204952660672073,0
250,DOC,-0.0198698080556354,0.1286732044347474,0.0046528334939265,-0.0854032427235099,0
252,DOC,-0.0006489317640063501,0.0252745728883261,0.0305836287831149,0.0669797061376932,0
255,DOC,-0.011072777491258,0.1558865250958989,0.0909399972484997,-0.1341818697961079,0
260,DOC,0.05118244158537625,0.36068899200869814,0.0015044294139787,0.1405406074598944,1
284,DOC,0.026852249513730053,0.28610950037336474,-0.0019187588376744,-0.1026808802821022,1
285,DOC,-0.0340251534309835,0.1554482260296569,0.1237780693841214,-0.1833837152418674,0
296,DOC,0.0648059876580889,0.2008839994532994,0.0889291719146512,0.2528049409404371,1
312,DOC,-0.008786183689463,0.1604466746495697,-0.00233076293484,0.0905716606892429,0
313,DOC,-0.0230930003113567,0.1924667553315093,0.1167369075598876,-0.0451656837223567,0
314,DOC,-0.0444088413527231,0.1637571316105676,0.2281220926870532,0.1874277869579697,0
317,DOC,0.056031461887099954,0.280019298497945,0.0311946636144361,0.0352174084087452,1
331,DOC,0.07308322065232639,0.3112708976383223,0.0976331817256628,0.1334982451111329,1
628,DOC,0.0200833684546771,0.024162678925301,-0.0178918087635137,-0.0097033510648058,0
630,DOC,0.0134766846067207,0.3148105922647435,-0.0076420248339271,0.125608747177387,1
634,DOC,0.0249300660352217,0.0434722544382117,-0.008950072959097,0.042700713579231,0
638,DOC,-0.0029354225059083,0.01547818215230655,0.0018503204698008,0.0303228317722722,0
651,DOC,0.0406826549005708,-0.07395227974415815,-0.171570306948823,-0.1566103094862955,0
663,DOC,0.039835877441256454,0.06543434711410885,0.0005142250625438,0.0294547296791886,0
669,DOC,0.0269997116442054,0.1335713102190298,0.0155036179116573,0.0372497145558778,0
678,DOC,0.058666549880625155,0.11066046141654776,-0.0367068191711587,-0.0048687621144888,1
680,DOC,0.04729016246087965,0.15116592972974746,-0.0522180950184549,-0.1764229663199489,1
686,DOC,0.010387947520658301,-0.0629937848882258,-0.167144025658708,0.0253431355295871,0
687,DOC,0.04429805357425025,-0.1063164447327808,-0.082772418614995,0.0493597332165817,0
688,DOC,0.055553301816913994,0.1541637048599919,0.0408908143564838,0.0458121915096248,1
690,DOC,0.0082552063559663,0.0444166008437183,0.0549728125043072,-0.0481247957245976,0
692,DOC,0.02793142858479275,0.1008987702953008,0.0563946496567549,0.0201145294491366,0
695,DOC,0.1172837595962841,0.1246901172496934,-0.0862601041267712,-0.0973457066806386,1
696,DOC,0.0727765539969132,0.073774320653038,-0.0645759423914417,-0.0345703210744527,1
701,DOC,-0.0025447179354944,-0.1953660868363323,0.0568842980173416,0.0217043939637229,0
704,DOC,0.0283994745216979,0.032652614137536,-0.0054870063382614,-0.0139859555901312,0
705,DOC,0.05442415236347495,0.06185915356293541,0.0279844814836377,0.0180429741535435,1
711,DOC,-0.0090226175996375,-0.1573931497747467,0.1345661043863139,-0.0599485941730483,0
712,DOC,-0.0038467276314303,-0.1038278364540213,-0.0995792606014326,0.0046282715755057,0
718,DOC,-0.00942890523269855,-0.10573330991527755,0.0534491411563106,-0.0561085382732333,0
722,DOC,-0.0041074307351967,-0.009802916461729,0.1102068226021523,-0.3060698597191617,0
723,DOC,-0.0008731718520287,-0.1395531744076944,0.0098194071122807,0.0286509956539759,0
728,DOC,0.0274918462569065,0.1297931771969527,0.1419199419831079,0.1020718554538451,0
730,DOC,0.0372870999178867,0.2210251326920037,0.1798402246731698,0.4282110656382789,1
731,DOC,0.0262206946271383,-0.0001105386560305,0.1045632839551478,0.1909238712301569,0
734,DOC,-0.0059892977912327505,0.010804782314006351,0.1340095632068,0.0712365347666943,0
735,DOC,0.0782716217899784,0.12667905755095837,0.100821143182984,0.0190515598678829,1
736,DOC,0.0374363628789862,0.2179424176004818,-0.133619825492085,0.0211129001315181,1
737,DOC,0.0702114679847952,0.1204080812210854,-0.0614873266202989,0.0583989524816045,1
739,DOC,0.0184134970154963,0.1915770275631629,-0.0501154752163344,0.0792010929307983,1
740,DOC,0.0122215755590183,0.0321000264740158,-0.0198879287962149,0.0175607311687155,0
742,DOC,0.0047460933892557,-0.0590820982076605,0.028053616887856,0.0656373408721858,0
743,DOC,0.006933906076527551,0.04422319741564875,0.0399389842996017,0.0982311398020364,0
744,DOC,0.0354360879581086,0.0960292461277095,0.1120194275723122,0.066233149139218,0
745,DOC,-0.017977277739897,0.0803069990281047,0.0068835512759608,0.1874942445262659,0
746,DOC,-0.0087686895307448,0.1773956728457625,0.0747357774646375,-0.0520861684915811,0
748,DOC,0.0055071272732609,0.1368423911938586,0.0535908394379597,-0.0205116190079533,0
749,DOC,0.02316551196943885,0.1599535312016781,0.1030257727350594,0.1731937484633535,0
750,DOC,0.0183814538082824,0.047340099860297746,0.0469580148325857,-0.044787692258928,0
751,DOC,0.008819214401549199,0.03177726763639165,0.071991595129899,-0.002785573433321,0
752,DOC,0.00465895611450055,-0.0075685012472847014,0.0830487358288982,-0.0317589755320291,0
754,DOC,-0.0118061085562979,-0.3111043846013633,0.0684549471075594,0.0683902812759648,0
756,DOC,-0.0005146200275538001,-0.11558630598086009,-0.0050693845843484,0.0089852410173,0
764,DOC,0.10478705450153969,0.1542909084368073,-0.0743885964783342,-0.1431790093998572,1
768,DOC,0.0872251447598896,0.1960077805100698,-0.002780512192916,0.0059213418421177,1
769,DOC,0.1505748785201991,0.206709843213646,-0.0560762304549184,-0.0573421659626831,1
773,DOC,0.03983442668976115,0.16438390778670736,0.0513342662500433,0.1183634314253295,1
774,DOC,0.03221647994654895,0.0218901794344389,-0.0014487757737767,0.0256034987914883,0
775,DOC,0.0794731131366708,0.016311329757140253,-0.0040479525802353,-0.0174591409894768,1
776,DOC,0.0497254721097906,0.0207888725230642,-0.024104964341782,-0.0147182841514741,0
778,DOC,0.0854459689975092,0.08268253726820465,0.0867670366699771,0.0382038520673659,1
781,DOC,0.02982259157090415,0.01812209994978115,-0.0106845093237148,-0.0099009006759475,0
782,DOC,0.1088394321624861,0.0980843258157156,0.0471072043104906,0.0709398896893396,1
783,DOC,-0.0220096919849493,-0.0384397036401731,-0.0797835432472611,-0.0176714126644298,0
785,DOC,-0.01646013746080235,-0.052937812374957954,-0.2056176943563563,-0.1650260277518671,0
786,DOC,0.017556721560994852,0.0103145859541102,-0.1542661991034987,-0.42617199560235,0
787,DOC,0.0289825821186318,-0.0013217334073166499,0.021087798421603,0.0609862641378607,0
789,DOC,0.12513021982941286,0.09681688722223519,-0.0562968406976114,-0.0576860552640101,1
811,DOC,-0.0096987251421142,0.0449587859552015,-0.0006091729756488,0.0243248687226649,0
1016,DOC,0.0112872915299062,0.0269651384354897,0.010233453315714,-0.0708276599714554,0
1017,DOC,0.0209295886791573,0.0866178356818249,-0.0152610344193029,-0.0224805669022974,0
1019,DOC,0.0189529780347035,0.0810489937067338,0.0393519610132513,-0.0168191460166379,0
1042,DOC,0.0063712929108408,-0.0789185572509587,-0.0413793217439068,-0.0301667792359156,0
1045,DOC,0.0188986302003804,0.2479392823763264,0.016218559660525,0.0111510126593368,1
1064,DOC,0.0813121908823228,0.32112886742379576,-0.0761700860708995,-0.0111346391533811,1
1065,DOC,0.060397126763471,0.3374344531709738,-0.0642964490232043,-0.0527253081200754,1
1067,DOC,0.0383470979233823,0.31094683199739825,-0.02959993431218,-0.0042345487453278,1
1070,DOC,0.031468232739891,0.2711757674795798,-0.0666399178931636,-0.0354863027421682,1
1077,DOC,0.140807264653574,0.5347079963399098,0.0547948979870655,0.120961508819203,1
1082,DOC,-0.0336580842604014,-0.2127749725797388,0.2039216500900227,-0.1435317654932942,0
1086,DOC,0.035490358089937446,0.12391825491821724,0.1342138067459291,-0.0369769131355537,0
1113,DOC,0.000561797767585,0.122450005423505,-0.0236253227812236,-0.0001265235963516,0
1114,DOC,0.0031783054618138,0.114080861897183,0.0381780351280913,-0.0213567921714637,0
1115,DOC,0.0117475653499502,0.1173901200605411,0.0406013166951909,-0.0316115719509073,0
1117,DOC,0.01187442484146075,0.22112425982255005,0.0221033612090304,-0.004822238748625,0
1119,DOC,0.019111281869425102,0.2295425908969933,0.0338225403307011,-0.0659176124347864,0
1123,DOC,0.0004144218874066,0.204502168549426,0.0501149169585433,0.0560881827156602,0
1137,DOC,0.01576467912460155,-0.02331489765228335,0.0765506614630628,-0.0479024960479216,0
1139,DOC,-0.0467772350939736,-0.3732962590612962,0.0068883169508552,-0.0518586512828735,0
1147,DOC,0.0567538208953854,0.3395404808566654,0.000433749051968,0.1826313159443208,1
1154,DOC,0.0886688978081346,0.3095129624903525,0.1011446304770462,0.0496996544756249,1
1186,DOC,0.034820855266280704,0.0810576773415098,-0.143322001204254,0.0648660558617301,1
1226,DOC,0.0413852161628542,0.055226616480602,-0.0139267549884757,0.0215231651053986,0
1235,DOC,0.0114162696815048,0.2536142274871308,0.0766407192566103,-0.0907560817869032,0
1237,DOC,0.0476213373321129,0.282441629219616,0.0766404152594822,0.0111633377079335,1
1238,DOC,0.0195920064627837,0.2017447622047797,-0.0144336915158255,0.0307353738415203,1
1241,DOC,-0.0235242775957311,0.055883447490533,0.0792758716383408,-0.1158758010923811,0
1244,DOC,0.0001255220927631,0.06192994158445915,0.019785003771113,-0.0868268264447295,0
1245,DOC,0.036609523968609045,-0.2814739668658291,0.0913218175644845,-0.2621032829385342,0
1257,DOC,0.0978656464058366,0.2648694864107979,0.0134708874886099,-0.0682861686971346,1
1259,DOC,0.0544599171323808,0.0612931897366205,0.0435430176577378,0.0641935606017892,1
1268,DOC,0.005580740635978149,-0.2120660905796338,0.1247854116884759,-0.2264342356611952,0
1269,DOC,0.00889260305614845,0.1697475075473444,0.0091904586779949,-0.0173650811892041,0
1270,DOC,0.0104412329410486,0.1230236386269944,-0.023541443622496,-0.0064427572729281,0
1271,DOC,0.018047411831721,0.1888466667930283,-0.0585090692012338,0.0064897456247146,1
1278,DOC,0.07700466819593345,0.20573274968176736,-0.0340901615720432,-0.0907568644555283,1
1287,DOC,0.03463238133050695,0.26472581072634094,-0.0127795232475221,-0.0149726891367941,1
1303,DOC,0.037650258178688,0.1512278036075695,-0.0310654082660729,0.0089669920791046,1
1317,DOC,-0.0040580670642201,0.3129350894409114,0.056569886705603,-0.1069876458472966,0
1318,DOC,-0.00592149524837995,0.2073751389265837,-0.0485830606135281,-0.0256727419536739,0
1321,DOC,-0.0230604654673837,0.19138161259070735,0.0631637654347715,-0.2967631394812361,0
1323,DOC,-0.017212809976336,0.0463132469236173,0.0791933371291248,-0.1456384110178116,0
1332,DOC,0.04000296182024755,0.349854590258479,-0.0258035630439909,-0.2004476666599436,1
1358,DOC,0.0109423584209442,0.0830459654087272,0.1504867325179456,-0.0129480866572839,0
1361,DOC,0.010857869972049,0.1829190694209688,-0.001496820631101,0.042465155181634,0
1365,DOC,0.01321751143811545,0.24595680489634653,0.039463935581174,-0.0366081651463146,0
1367,DOC,0.00187438200600685,0.06285451945327755,0.0642921357688679,-0.031988117840438,0
1383,DOC,-0.0337678417257906,0.19437853716359,0.128848419210398,0.0074931864758972,0
1392,DOC,0.0467630585331605,0.0336001646250447,0.0836765568437332,0.0245401834183758,0
1449,DOC,-0.00272487288854305,-0.09395948092615194,0.0121550151972993,0.080682235892818,0
1472,DOC,0.0041120592509299,0.0856554965316818,0.0331320888908476,-0.0728088824021492,0
1473,DOC,0.00867965511405455,0.07238905978239804,0.078334559237951,-0.0406771762029819,0
1474,DOC,0.0079706124002519,0.1372910151635071,0.0304740715162652,0.009103468173743,0
1482,DOC,-0.00565520556060675,-0.07251343085690765,0.0623303850755746,0.0222650569003096,0
1485,DOC,0.0029239786914352,0.0065813567859397,-0.1344871148580405,-0.0805108452854811,0
1487,DOC,0.04494609739411305,0.0598360711907868,0.0039006756811324,0.0078970551423389,0
